titles,category
한동훈  김경율 사퇴 요구 들은 바 없어 정치 핵심은 결국 민생 ,Politics
   김민수 대변인  한동훈  굉장히 자상하고 매력적   노출될수록 당에 좋아  시선집중 ,Politics
한동훈  숭실대 찾아 대학생들과 현장 간담회,Politics
함께 서천 찾은       갈등 봉합  수순 접어드나,Politics
이재명      화재현장 방문에  절규하는 국민 배경 정치쇼 ,Politics
민주당  삼색 깃발  내세운다  년 만에 바꾼 당 로고 보니,Politics
민주   인재  호 에 민생경제 전문가 김남근 변호사 영입,Politics
대통령 방문했지만 일부 피해 상인들  기다렸는데 위로 한마디 없이 사진만 ,Politics
윤 한 갈등 봉합  장면  바라본 조선일보와 동아일보의 차이,Politics
해운대갑 사상 중영도  전략공천  가능성 치열해진 경쟁 최대 변수 급부상,Politics
LG디스플레이  지난해  분기 영업이익     억원  분기 만에 흑자전환,Economic
조승래  대안 없는 단통법 폐지는 총선용 포퓰리즘 ,Economic
  노동이사제 주의하세요 무협   올해 달라진 법규 보고서  발간,Economic
신세계면세점   신세계로 체크인   스위스 편  공개,Economic
롯데 계열사 상품 최대     할인 롯데온   월간 롯데  시작,Economic
새마을금고 여신 최대폭 감소  외환위기 이후 처음,Economic
노량진  구역    가구 건립 서울시 건축심의 통과,Economic
LIG넥스원  UAE 로봇 무인 전시회 참가,Economic
  의 마지막 호소     인 미만 사업장 중대재해법 유예를 ,Economic
한 달 동안  짝퉁    만 점 적발    발암물질 범벅 ,Economic
 매진된 콘서트표 팝니다  표 안 보내고     만원  꿀꺽    대 결국,Social
 대설특보  광주 전남  눈 더 온다 최고    ,Social
대북송금 쌍방울 김성태 전 회장  보석 허가 오늘 출소,Social
광주 동구의회  달빛철도 특별법 빨리 제정해 동서 화합을 ,Social
 못 해 먹겠네  폭언 성희롱 일삼은 바이오 대기업 간부들,Social
      폄훼  논란 허식 인천시의장 불신임안 셀프 거부 뉴스  PICK ,Social
 무더기 결항  제주공항 운항 재개,Social
부산시  산업재해 예방    긴급 현장점검 회의  개최,Social
대법원  환경오염 피해  개연성만 증명하면 배상책임 인정 ,Social
신라 금관 달항아리 교과서 속 유물  지역 박물관   곳 찾는다,Social
 전국 하늘  맑음  아침 최저    도 내일 날씨 ,Culture
  주년 맞은 KG모빌리티   고객감사 차량점검 서비스  실시,Culture
 출근길 한파 계속 아침까지 서해안 폭설 날씨 ,Culture
한국계 셀린 송 감독  패스트 라이브즈  아카데미 작품상 후보,Culture
 북극 냉기 에 전국 한파 폭설 강풍 제주 항공편 무더기 결항,Culture
유인촌 장관  종주국 한국  웹툰계 넷플릭스 나와야    만화 웹툰 산업발전 방향 발표,Culture
피곤해서  에너지 음료  벌컥벌컥 마셨다간 다음날 더  헤롱헤롱  ,Culture
 체감온도 최저    도 밑돌아      한파 추위  이어져 내일 날씨 ,Culture
뉴햄프셔 공화 경선 개표 초반 트럼프  헤일리에 한자릿수 우세,World
 이 팔  한달 휴전에 원칙적 동의  영구 휴전  조건엔 이견  로이터,World
대통령이 전화해  투표하지마  바이든 흉내낸  AI전화  선거판 등장,World
 깜깜이 입원  미 국방장관 퇴원 후 첫 공식석상 등장,World
미국  북한 동향 긴밀 주시  우크라에서 북한산 미사일 사용,World
중국 신장서 규모     지진 미 지질조사국  상당한 피해 가능성 ,World
우크라 쏜 러시아 미사일에 한글     표기    무기 사용 명백 ,World
러  키이우 하르키우 집중 폭격  최소   명 사망 ,World
 푸틴  대선 전엔 방북 계획 없다 ,World
삼성SDS  올해 사이버 보안 최대 화두는  AI 기반 보안 위협  ,IT
KT  경로당 어르신 위한  지니 TV 버스정보 알리미  출시,IT
이통 사  갤럭시 S   사전 예약 전작 웃돌아 순항 중 ,IT
 고객 의견  AI가 분석  LG U  VOC LAB 오픈,IT
네이버   CLOVA for AD  출격    생성형 AI 광고 시대 열겠다 ,IT
  게임 규제책 백지화되나  게임 규제 초안  돌연 삭제,IT
KAIST 이브자리  맞손   과학기술로 숙면 돕는다,IT
과기정통부  매주  곳 이상 AI 기업 방문한다,IT
